{
    "features": 3939.826378107071,
    "process_features_model_1": 4.802478551864624,
    "predict_and_compile_model_1": 263.3209843635559,
    "relax_model_1": 57.30834603309631
}